{
	"initial":{
		"pH_025":8.208,
		"pH_median":8.2577,
		"pH_95":8.305,
		"pH_975":8.3149,
		"pH_99":8.3263
	},
	"after":{
		"pH_025":7.7916,
		"pH_median":7.8792,
		"pH_95":7.9551,
		"pH_975":7.971,
		"pH_99":7.9879
	},
	"change":{
		"pH_median":-0.37877,
		"pH_95":-0.34474,
		"pH_99":-0.33197
	}
}