{
	"initial":{
		"pH_median":8.1808,
		"pH_95":8.2377,
		"pH_99":8.2614
	},
	"after":{
		"pH_median":7.8332,
		"pH_95":7.9059,
		"pH_99":7.9356
	},
	"change":{
		"pH_median":-0.34743,
		"pH_95":-0.31946,
		"pH_99":-0.30827
	}
}
