{
	"initial":{
		"pH_median":8.1702,
		"pH_95":8.226,
		"pH_99":8.2498
	},
	"after":{
		"pH_median":7.8545,
		"pH_95":7.9255,
		"pH_99":7.9568
	},
	"change":{
		"pH_median":-0.31557,
		"pH_95":-0.28752,
		"pH_99":-0.27577
	}
}