{
	"initial":{
		"pH_median":8.1706,
		"pH_95":8.2262,
		"pH_99":8.2539
	},
	"after":{
		"pH_median":7.8267,
		"pH_95":7.897,
		"pH_99":7.9275
	},
	"change":{
		"pH_median":-0.34388,
		"pH_95":-0.31608,
		"pH_99":-0.30533
	}
}