{
	"initial":{
		"pH_median":8.1782,
		"pH_95":8.2399,
		"pH_99":8.2697
	},
	"after":{
		"pH_median":7.8581,
		"pH_95":7.933,
		"pH_99":7.9646
	},
	"change":{
		"pH_median":-0.31958,
		"pH_95":-0.29001,
		"pH_99":-0.27789
	}
}