{
	"initial":{
		"pH_025":8.208,
		"pH_median":8.2577,
		"pH_975":8.3149
	},
	"after":{
		"pH_025":7.7916,
		"pH_median":7.8792,
		"pH_975":7.971
	},
	"change":{
		"pH_025":-0.42348,
		"pH_median":-0.37877,
		"pH_95":-0.33936
	}
}