{
	"initial":{
		"pH_median":8.2581,
		"pH_95":8.3045,
		"pH_99":8.3256
	},
	"after":{
		"pH_median":7.8793,
		"pH_95":7.9548,
		"pH_99":7.9852
	},
	"change":{
		"pH_median":-0.37863,
		"pH_95":-0.34528,
		"pH_99":-0.33267
	}
}